Employee_Name,FromDiversityJobFairID,Salary,Termd,Position,State,Sex,MaritalDesc,CitizenDesc,RaceDesc,DateofHire,DateofTermination,TermReason,EmploymentStatus,Department,RecruitmentSource,PerformanceScore,EngagementSurvey,EmpSatisfaction,SpecialProjectsCount,DaysLateLast30,Absences,Job Category
"Adinolfi, Wilson  K",0,62506,0,Production Technician I,Massachusetts,M ,Single,US Citizen,White,7/5/2011,,N/A-StillEmployed,Active,Production       ,LinkedIn,Exceeds,4.6,5,0,0,1,Prodcution
"Ait Sidi, Karthikeyan   ",0,104437,1,Sr. DBA,Massachusetts,M ,Married,US Citizen,White,3/30/2015,6/16/2016,career change,Voluntarily Terminated,IT/IS,Indeed,Fully Meets,4.96,3,6,0,17,IT
"Akinkuolie, Sarah",0,64955,1,Production Technician II,Massachusetts,F,Married,US Citizen,White,7/5/2011,9/24/2012,hours,Voluntarily Terminated,Production       ,LinkedIn,Fully Meets,3.02,3,0,0,3,Prodcution
"Alagbe,Trina",0,64991,0,Production Technician I,Massachusetts,F,Married,US Citizen,White,1/7/2008,,N/A-StillEmployed,Active,Production       ,Indeed,Fully Meets,4.84,5,0,0,15,Prodcution
"Anderson, Carol ",0,50825,1,Production Technician I,Massachusetts,F,Divorced,US Citizen,White,7/11/2011,9/6/2016,return to school,Voluntarily Terminated,Production       ,Google Search,Fully Meets,5,4,0,0,2,Prodcution
"Anderson, Linda  ",0,57568,0,Production Technician I,Massachusetts,F,Single,US Citizen,White,1/9/2012,,N/A-StillEmployed,Active,Production       ,LinkedIn,Exceeds,5,5,0,0,15,Prodcution
"Andreola, Colby",0,95660,0,Software Engineer,Massachusetts,F,Single,US Citizen,White,11/10/2014,,N/A-StillEmployed,Active,Software Engineering,LinkedIn,Fully Meets,3.04,3,4,0,19,Engineering
"Athwal, Sam",0,59365,0,Production Technician I,Massachusetts,M ,Widowed,US Citizen,White,9/30/2013,,N/A-StillEmployed,Active,Production       ,Employee Referral,Fully Meets,5,4,0,0,19,Prodcution
"Bachiochi, Linda",1,47837,0,Production Technician I,Massachusetts,F,Single,US Citizen,Black or African American,7/6/2009,,N/A-StillEmployed,Active,Production       ,Diversity Job Fair,Fully Meets,4.46,3,0,0,4,Prodcution
"Bacong, Alejandro ",0,50178,0,IT Support,Massachusetts,M ,Divorced,US Citizen,White,1/5/2015,,N/A-StillEmployed,Active,IT/IS,Indeed,Fully Meets,5,5,6,0,16,IT
"Baczenski, Rachael  ",1,54670,1,Production Technician I,Massachusetts,F,Married,US Citizen,Black or African American,1/10/2011,1/12/2017,Another position,Voluntarily Terminated,Production       ,Diversity Job Fair,Fully Meets,4.2,4,0,0,12,Prodcution
"Barbara, Thomas",1,47211,1,Production Technician I,Massachusetts,M ,Married,US Citizen,Black or African American,4/2/2012,9/19/2016,unhappy,Voluntarily Terminated,Production       ,Diversity Job Fair,Fully Meets,4.2,3,0,0,15,Prodcution
"Barbossa, Hector",1,92328,0,Data Analyst,Texas,M ,Divorced,US Citizen,Black or African American,11/10/2014,,N/A-StillEmployed,Active,IT/IS,Diversity Job Fair,Exceeds,4.28,4,5,0,9,Other
"Barone, Francesco  A",0,58709,0,Production Technician I,Massachusetts,M ,Single,US Citizen,Two or more races,2/20/2012,,N/A-StillEmployed,Active,Production       ,Google Search,Fully Meets,4.6,4,0,0,7,Prodcution
"Barton, Nader",0,52505,1,Production Technician I,Massachusetts,M ,Divorced,US Citizen,White,9/24/2012,4/6/2017,Another position,Voluntarily Terminated,Production       ,On-line Web application,Fully Meets,5,5,0,0,1,Prodcution
"Bates, Norman",0,57834,1,Production Technician I,Massachusetts,M ,Single,US Citizen,White,2/21/2011,8/4/2017,attendance,Terminated for Cause,Production       ,Google Search,Fully Meets,5,4,0,0,20,Prodcution
"Beak, Kimberly  ",0,70131,0,Production Technician II,Massachusetts,F,Married,US Citizen,White,7/21/2016,,N/A-StillEmployed,Active,Production       ,Employee Referral,Exceeds,4.4,3,0,0,16,Prodcution
"Beatrice, Courtney ",0,59026,0,Production Technician I,Massachusetts,F,Single,Eligible NonCitizen,White,4/4/2011,,N/A-StillEmployed,Active,Production       ,Google Search,Fully Meets,5,5,0,0,12,Prodcution
"Becker, Renee",0,110000,1,Database Administrator,Massachusetts,F,Single,US Citizen,White,7/7/2014,9/12/2015,performance,Terminated for Cause,IT/IS,Google Search,Fully Meets,4.5,4,5,0,8,IT
"Becker, Scott",0,53250,0,Production Technician I,Massachusetts,M ,Single,US Citizen,Asian,7/8/2013,,N/A-StillEmployed,Active,Production       ,LinkedIn,Fully Meets,4.2,4,0,0,13,Prodcution
"Bernstein, Sean",0,51044,0,Production Technician I,Massachusetts,M ,Single,US Citizen,White,4/2/2012,,N/A-StillEmployed,Active,Production       ,Google Search,Fully Meets,5,3,0,0,13,Prodcution
"Biden, Lowan  M",0,64919,0,Production Technician I,Massachusetts,F,Divorced,US Citizen,Asian,8/19/2013,,N/A-StillEmployed,Active,Production       ,Indeed,Fully Meets,4.2,3,0,0,2,Prodcution
"Billis, Helen",0,62910,0,Production Technician I,Massachusetts,F,Married,US Citizen,White,7/7/2014,,N/A-StillEmployed,Active,Production       ,Indeed,Exceeds,5,3,0,0,19,Prodcution
"Blount, Dianna",0,66441,0,Production Technician II,Massachusetts,F,Single,US Citizen,White,4/4/2011,,N/A-StillEmployed,Active,Production       ,CareerBuilder,Needs Improvement,2,3,0,2,3,Prodcution
"Bondwell, Betsy",0,57815,1,Production Technician II,Massachusetts,F,Single,US Citizen,White,1/10/2011,4/4/2014,career change,Voluntarily Terminated,Production       ,Google Search,Fully Meets,4.8,5,0,0,5,Prodcution
"Booth, Frank",0,103613,1,Enterprise Architect,Connecticut,M ,Single,US Citizen,Black or African American,2/17/2014,2/19/2016,Learned that he is a gangster,Terminated for Cause,IT/IS,LinkedIn,Fully Meets,3.5,5,7,0,2,IT
"Boutwell, Bonalyn",1,106367,0,Sr. Accountant,Massachusetts,F,Married,US Citizen,Black or African American,2/16/2015,,N/A-StillEmployed,Active,Admin Offices,Diversity Job Fair,Fully Meets,5,4,3,0,4,Finance
"Bozzi, Charles",0,74312,1,Production Manager,Massachusetts,M ,Single,US Citizen,Asian,9/30/2013,8/7/2014,retiring,Voluntarily Terminated,Production       ,Indeed,Fully Meets,3.39,3,0,0,14,Prodcution
"Brill, Donna",0,53492,1,Production Technician I,Massachusetts,F,Married,US Citizen,White,4/2/2012,6/15/2013,Another position,Voluntarily Terminated,Production       ,Google Search,Fully Meets,3.35,4,0,0,6,Prodcution
"Brown, Mia",1,63000,0,Accountant I,Massachusetts,F,Married,US Citizen,Black or African American,10/27/2008,,N/A-StillEmployed,Active,Admin Offices,Diversity Job Fair,Fully Meets,4.5,2,6,0,14,Finance
"Buccheri, Joseph  ",0,65288,0,Production Technician II,Massachusetts,M ,Single,US Citizen,White,9/29/2014,,N/A-StillEmployed,Active,Production       ,Google Search,Fully Meets,3.19,3,0,0,9,Prodcution
"Bugali, Josephine ",1,64375,0,Production Technician I,Massachusetts,F,Separated,US Citizen,Black or African American,11/11/2013,,N/A-StillEmployed,Active,Production       ,Diversity Job Fair,Fully Meets,3.5,5,0,0,17,Prodcution
"Bunbury, Jessica",0,74326,1,Area Sales Manager,Virginia,F,Married,Eligible NonCitizen,Black or African American,8/15/2011,8/2/2014,Another position,Voluntarily Terminated,Sales,Google Search,Fully Meets,3.14,5,0,1,19,Sales
"Burke, Joelle",0,63763,0,Production Technician II,Massachusetts,F,Single,US Citizen,Black or African American,3/5/2012,,N/A-StillEmployed,Active,Production       ,Employee Referral,Fully Meets,4.51,4,0,0,3,Prodcution
"Burkett, Benjamin ",0,62162,0,Production Technician II,Massachusetts,M ,Married,US Citizen,White,4/4/2011,,N/A-StillEmployed,Active,Production       ,Indeed,Fully Meets,3.25,5,0,0,15,Prodcution
"Cady, Max ",0,77692,0,Software Engineering Manager,Massachusetts,M ,Single,US Citizen,White,8/15/2011,,N/A-StillEmployed,Active,Software Engineering,Google Search,Fully Meets,3.84,3,5,0,4,Engineering
"Candie, Calvin",0,72640,0,Production Manager,Massachusetts,M ,Single,US Citizen,White,1/28/2016,,N/A-StillEmployed,Active,Production       ,Indeed,Exceeds,5,3,0,0,14,Prodcution
"Carabbio, Judith",0,93396,0,Software Engineer,Massachusetts,F,Single,US Citizen,White,11/11/2013,,N/A-StillEmployed,Active,Software Engineering,Indeed,Fully Meets,4.96,4,6,0,3,Engineering
"Carey, Michael  ",0,52846,0,Production Technician I,Massachusetts,M ,Single,US Citizen,Black or African American,3/31/2014,,N/A-StillEmployed,Active,Production       ,LinkedIn,Fully Meets,4.43,3,0,0,14,Prodcution
"Carr, Claudia  N",0,100031,0,Sr. DBA,Massachusetts,F,Single,US Citizen,Black or African American,6/30/2016,,N/A-StillEmployed,Active,IT/IS,LinkedIn,Fully Meets,5,5,6,0,7,IT
"Carter, Michelle ",0,71860,0,Area Sales Manager,Vermont,F,Single,US Citizen,White,8/18/2014,,N/A-StillEmployed,Active,Sales,Indeed,Fully Meets,5,5,0,0,7,Sales
"Chace, Beatrice ",0,61656,0,Production Technician I,Massachusetts,F,Single,US Citizen,White,9/29/2014,,N/A-StillEmployed,Active,Production       ,Google Search,Fully Meets,5,4,0,0,11,Prodcution
"Champaigne, Brian",0,110929,0,BI Director,Massachusetts,M ,Married,US Citizen,White,9/6/2016,,N/A-StillEmployed,Active,IT/IS,Indeed,Fully Meets,4.5,5,7,0,8,Leadership
"Chan, Lin",0,54237,0,Production Technician I,Massachusetts,F,Single,US Citizen,White,5/12/2014,,N/A-StillEmployed,Active,Production       ,Indeed,Fully Meets,3.3,4,0,0,11,Prodcution
"Chang, Donovan  E",0,60380,0,Production Technician I,Massachusetts,M ,Single,US Citizen,White,7/8/2013,,N/A-StillEmployed,Active,Production       ,LinkedIn,Fully Meets,3.8,5,0,0,4,Prodcution
"Chigurh, Anton",0,66808,0,Area Sales Manager,Texas,M ,Single,Eligible NonCitizen,Black or African American,5/14/2012,,N/A-StillEmployed,Active,Sales,Employee Referral,Fully Meets,3,5,0,0,17,Sales
"Chivukula, Enola",0,64786,1,Production Technician I,Massachusetts,F,Single,US Citizen,White,6/27/2011,11/15/2015,relocation out of area,Voluntarily Terminated,Production       ,Indeed,Fully Meets,4.3,4,0,0,3,Prodcution
"Cierpiszewski, Caroline  ",0,64816,0,Production Technician I,Massachusetts,F,Single,Non-Citizen,Black or African American,10/3/2011,,N/A-StillEmployed,Active,Production       ,Indeed,Fully Meets,3.58,5,0,0,3,Prodcution
"Clayton, Rick",0,68678,0,IT Support,Massachusetts,M ,Single,US Citizen,White,9/5/2012,,N/A-StillEmployed,Active,IT/IS,Indeed,Fully Meets,4.7,3,6,0,2,IT
"Cloninger, Jennifer",0,64066,1,Production Technician II,Massachusetts,F,Married,US Citizen,White,5/16/2011,1/7/2013,unhappy,Voluntarily Terminated,Production       ,Google Search,Fully Meets,4.2,5,0,0,9,Prodcution
"Close, Phil",0,59369,1,Production Technician II,Massachusetts,M ,Married,US Citizen,White,8/30/2010,9/26/2011,career change,Voluntarily Terminated,Production       ,Indeed,Fully Meets,4.2,4,0,0,6,Prodcution
"Clukey, Elijian",0,50373,0,Production Technician I,Massachusetts,M ,Married,US Citizen,White,7/6/2016,,N/A-StillEmployed,Active,Production       ,Employee Referral,Exceeds,4.1,4,0,0,5,Prodcution
"Cockel, James",0,63108,0,Production Technician I,Massachusetts,M ,Single,US Citizen,White,7/8/2013,,N/A-StillEmployed,Active,Production       ,Employee Referral,Fully Meets,4.4,5,0,0,3,Prodcution
"Cole, Spencer",0,59144,1,Production Technician I,Massachusetts,M ,Single,US Citizen,Black or African American,7/11/2011,9/23/2016,performance,Terminated for Cause,Production       ,LinkedIn,Needs Improvement,2,3,0,5,16,Prodcution
"Corleone, Michael",0,68051,0,Production Manager,Massachusetts,M ,Divorced,US Citizen,White,7/20/2010,,N/A-StillEmployed,Active,Production       ,CareerBuilder,Needs Improvement,4.13,2,0,3,3,Prodcution
"Corleone, Vito",0,170500,0,Director of Operations,Massachusetts,M ,Single,US Citizen,Black or African American,1/5/2009,,N/A-StillEmployed,Active,Production       ,Indeed,Exceeds,3.7,5,0,0,15,Leadership
"Cornett, Lisa ",0,63381,0,Production Technician I,Massachusetts,F,Married,US Citizen,White,1/5/2015,,N/A-StillEmployed,Active,Production       ,Indeed,Fully Meets,4.73,5,0,0,6,Prodcution
"Costello, Frank",0,83552,0,Data Analyst,Massachusetts,M ,Married,US Citizen,White,3/30/2015,,N/A-StillEmployed,Active,IT/IS,Indeed,Fully Meets,3.04,3,6,0,2,Other
"Crimmings,   Jean",0,56149,0,Production Technician I,Massachusetts,F,Single,US Citizen,White,7/6/2016,,N/A-StillEmployed,Active,Production       ,LinkedIn,Fully Meets,4.12,5,0,0,15,Prodcution
"Cross, Noah",0,92329,0,Sr. Network Engineer,Connecticut,M ,Single,US Citizen,White,11/10/2014,,N/A-StillEmployed,Active,IT/IS,Employee Referral,Fully Meets,5,3,4,0,5,Other
"Daneault, Lynn",0,65729,0,Sales Manager,Vermont,F,Single,US Citizen,White,5/5/2014,,N/A-StillEmployed,Active,Sales,Indeed,Fully Meets,4.62,4,0,0,8,Sales
"Daniele, Ann  ",0,85028,0,Sr. Network Engineer,Connecticut,F,Married,US Citizen,White,11/10/2014,,N/A-StillEmployed,Active,IT/IS,LinkedIn,Fully Meets,3.1,5,8,0,19,Other
"Darson, Jene'ya ",0,57583,0,Production Technician I,Massachusetts,F,Married,US Citizen,White,7/2/2012,,N/A-StillEmployed,Active,Production       ,Indeed,Fully Meets,5,3,0,0,1,Prodcution
"Davis, Daniel",0,56294,0,Production Technician II,Massachusetts,M ,Single,Eligible NonCitizen,Two or more races,11/7/2011,,N/A-StillEmployed,Active,Production       ,LinkedIn,Fully Meets,3.96,4,0,0,6,Prodcution
"Dee, Randy",0,56991,0,Production Technician I,Massachusetts,M ,Married,US Citizen,White,7/9/2018,,N/A-StillEmployed,Active,Production       ,Indeed,Fully Meets,4.3,4,3,2,2,Prodcution
"DeGweck,  James",0,55722,1,Production Technician I,Massachusetts,M ,Married,US Citizen,White,5/16/2011,6/8/2016,unhappy,Voluntarily Terminated,Production       ,Indeed,Fully Meets,5,4,0,0,14,Prodcution
"Del Bosque, Keyla",0,101199,0,Software Engineer,Massachusetts,F,Single,US Citizen,Black or African American,1/9/2012,,N/A-StillEmployed,Active,Software Engineering,CareerBuilder,Fully Meets,3.79,5,5,0,8,Engineering
"Delarge, Alex",0,61568,0,Area Sales Manager,Alabama,M ,Single,US Citizen,Two or more races,9/29/2014,,N/A-StillEmployed,Active,Sales,Indeed,PIP,1.93,3,0,6,5,Sales
"Demita, Carla",0,58275,1,Production Technician II,Massachusetts,F,Separated,US Citizen,Black or African American,4/4/2011,11/4/2015,more money,Voluntarily Terminated,Production       ,Google Search,Fully Meets,4.62,5,0,0,1,Prodcution
"Desimone, Carl ",0,53189,0,Production Technician I,Massachusetts,M ,Married,US Citizen,White,7/7/2014,,N/A-StillEmployed,Active,Production       ,Indeed,PIP,1.12,2,0,4,9,Prodcution
"DeVito, Tommy",0,96820,0,BI Developer,Massachusetts,M ,Single,US Citizen,White,2/15/2017,,N/A-StillEmployed,Active,IT/IS,Indeed,Fully Meets,3.01,5,7,0,15,IT
"Dickinson, Geoff ",0,51259,0,Production Technician I,Massachusetts,M ,Single,US Citizen,White,5/12/2014,,N/A-StillEmployed,Active,Production       ,Indeed,Fully Meets,4.3,4,0,0,1,Prodcution
"Dietrich, Jenna  ",0,59231,0,Area Sales Manager,Washington,F,Single,US Citizen,White,2/20/2012,,N/A-StillEmployed,Active,Sales,Website,PIP,2.3,1,0,2,17,Sales
"DiNocco, Lily ",0,61584,0,Production Technician I,Massachusetts,F,Married,US Citizen,Black or African American,1/7/2013,,N/A-StillEmployed,Active,Production       ,Indeed,Needs Improvement,3.88,4,0,0,6,Prodcution
"Dobrin, Denisa  S",0,46335,0,Production Technician I,Massachusetts,F,Single,US Citizen,White,4/2/2012,,N/A-StillEmployed,Active,Production       ,CareerBuilder,Fully Meets,3.4,5,0,0,15,Prodcution
"Dolan, Linda",0,70621,0,IT Support,Massachusetts,F,Married,US Citizen,White,1/5/2015,,N/A-StillEmployed,Active,IT/IS,Employee Referral,Fully Meets,4.11,4,6,0,16,IT
"Dougall, Eric",0,138888,0,IT Manager - Support,Massachusetts,M ,Single,US Citizen,Black or African American,1/5/2014,,N/A-StillEmployed,Active,IT/IS,Indeed,Exceeds,4.3,5,5,0,4,IT
"Driver, Elle",0,74241,0,Area Sales Manager,California,F,Single,US Citizen,White,1/10/2011,,N/A-StillEmployed,Active,Sales,Indeed,Exceeds,4.77,5,0,0,14,Sales
"Dunn, Amy  ",0,75188,0,Production Manager,Massachusetts,F,Single,US Citizen,White,9/18/2014,,N/A-StillEmployed,Active,Production       ,Google Search,Fully Meets,4.52,4,0,0,4,Prodcution
"Dunne, Amy",0,62514,0,Production Technician I,Massachusetts,F,Married,US Citizen,White,4/26/2010,,N/A-StillEmployed,Active,Production       ,Google Search,Fully Meets,2.9,3,0,0,6,Prodcution
"Eaton, Marianne",0,60070,1,Production Technician I,Massachusetts,F,Married,US Citizen,White,4/4/2011,6/6/2017,military,Voluntarily Terminated,Production       ,Google Search,Fully Meets,5,3,0,0,7,Prodcution
"Engdahl, Jean",0,48888,0,Production Technician I,Massachusetts,M ,Single,US Citizen,White,11/10/2014,,N/A-StillEmployed,Active,Production       ,LinkedIn,Fully Meets,4.7,5,0,0,8,Prodcution
"England, Rex",0,54285,0,Production Technician I,Massachusetts,M ,Married,US Citizen,White,3/31/2014,,N/A-StillEmployed,Active,Production       ,Employee Referral,Fully Meets,4.2,3,0,0,3,Prodcution
"Erilus, Angela",0,56847,0,Production Technician II,Massachusetts,F,Separated,US Citizen,White,7/7/2014,,N/A-StillEmployed,Active,Production       ,Indeed,PIP,3,1,0,2,5,Prodcution
"Estremera, Miguel",0,60340,1,Production Technician I,Massachusetts,M ,Single,US Citizen,White,4/2/2012,9/27/2018,attendance,Terminated for Cause,Production       ,Google Search,Needs Improvement,5,4,0,5,16,Prodcution
"Evensen, April",0,59124,1,Production Technician I,Massachusetts,F,Single,US Citizen,White,2/17/2014,2/25/2018,"no-call, no-show",Terminated for Cause,Production       ,Google Search,Needs Improvement,2.3,3,0,5,19,Prodcution
"Exantus, Susan",0,99280,1,Software Engineer,Massachusetts,F,Married,US Citizen,Black or African American,5/2/2011,6/5/2013,attendance,Terminated for Cause,Software Engineering,Indeed,Needs Improvement,2.1,5,4,4,19,Engineering
"Faller, Megan ",0,71776,0,Production Technician II,Massachusetts,F,Married,US Citizen,Black or African American,7/7/2014,,N/A-StillEmployed,Active,Production       ,LinkedIn,Fully Meets,4.4,5,0,0,17,Prodcution
"Fancett, Nicole",0,65902,0,Production Technician II,Massachusetts,F,Single,US Citizen,Black or African American,2/17/2014,,N/A-StillEmployed,Active,Production       ,LinkedIn,Fully Meets,4,4,0,0,7,Prodcution
"Ferguson, Susan",0,57748,1,Production Technician I,Massachusetts,F,Married,US Citizen,White,11/7/2011,5/17/2016,military,Voluntarily Terminated,Production       ,Google Search,Fully Meets,3.13,3,0,0,16,Prodcution
"Fernandes, Nilson  ",0,64057,0,Production Technician I,Massachusetts,M ,Married,US Citizen,White,5/11/2015,,N/A-StillEmployed,Active,Production       ,Indeed,PIP,1.56,5,0,6,15,Prodcution
"Fett, Boba",0,53366,0,Network Engineer,Massachusetts,M ,Single,US Citizen,White,3/30/2015,,N/A-StillEmployed,Active,IT/IS,LinkedIn,PIP,1.2,3,6,3,2,IT
"Fidelia,  Libby",0,58530,0,Production Technician I,Massachusetts,F,Married,US Citizen,White,1/9/2012,,N/A-StillEmployed,Active,Production       ,Google Search,Fully Meets,5,5,0,0,19,Prodcution
"Fitzpatrick, Michael  J",0,72609,1,Production Technician II,Massachusetts,M ,Single,US Citizen,White,5/16/2011,6/24/2013,hours,Voluntarily Terminated,Production       ,Google Search,Fully Meets,4.76,5,0,0,20,Prodcution
"Foreman, Tanya",0,55965,1,Production Technician II,Massachusetts,F,Married,US Citizen,White,4/4/2011,1/9/2013,career change,Voluntarily Terminated,Production       ,Google Search,Fully Meets,3.66,3,0,0,6,Prodcution
"Forrest, Alex",0,70187,1,Area Sales Manager,Massachusetts,M ,Married,US Citizen,White,9/29/2014,8/19/2018,Fatal attraction,Terminated for Cause,Sales,Employee Referral,PIP,2,5,0,4,7,Sales
"Foss, Jason",0,178000,0,IT Director,Massachusetts,M ,Single,US Citizen,Black or African American,4/15/2011,,N/A-StillEmployed,Active,IT/IS,Indeed,Exceeds,5,5,5,0,15,IT
"Foster-Baker, Amy",0,99351,0,Sr. Accountant,Massachusetts,F,Married,US Citizen,White,1/5/2009,,N/A-StillEmployed,Active,Admin Offices,Other,Fully Meets,5,3,2,0,3,Finance
"Fraval, Maruk ",0,67251,0,Area Sales Manager,Connecticut,M ,Single,US Citizen,Black or African American,9/6/2011,,N/A-StillEmployed,Active,Sales,CareerBuilder,Fully Meets,4.3,3,0,2,7,Sales
"Galia, Lisa",0,65707,0,IT Support,Connecticut,F,Single,US Citizen,White,5/1/2010,,N/A-StillEmployed,Active,IT/IS,LinkedIn,Fully Meets,4.7,4,5,0,1,IT
"Garcia, Raul",0,52249,0,Production Technician I,Massachusetts,M ,Single,US Citizen,White,3/30/2015,,N/A-StillEmployed,Active,Production       ,Employee Referral,Fully Meets,4.5,3,0,0,5,Prodcution
"Gaul, Barbara",0,53171,0,Production Technician I,Massachusetts,F,Single,US Citizen,Black or African American,5/16/2011,,N/A-StillEmployed,Active,Production       ,LinkedIn,Fully Meets,4.2,4,0,0,12,Prodcution
"Gentry, Mildred",0,51337,0,Production Technician I,Massachusetts,F,Married,US Citizen,Black or African American,3/30/2015,,N/A-StillEmployed,Active,Production       ,LinkedIn,Fully Meets,3.73,3,0,0,19,Prodcution
"Gerke, Melisa",1,51505,1,Production Technician I,Massachusetts,F,Divorced,US Citizen,Black or African American,11/7/2011,11/15/2016,hours,Voluntarily Terminated,Production       ,Diversity Job Fair,Fully Meets,4.24,4,0,0,2,Prodcution
"Gill, Whitney  ",0,59370,1,Area Sales Manager,Ohio,F,Widowed,US Citizen,Black or African American,7/7/2014,9/5/2015,attendance,Terminated for Cause,Sales,CareerBuilder,Fully Meets,3.97,4,0,0,7,Sales
"Gilles, Alex",1,54933,1,Production Technician I,Massachusetts,M ,Married,US Citizen,Black or African American,4/2/2012,6/25/2015,military,Voluntarily Terminated,Production       ,Diversity Job Fair,Needs Improvement,3.97,4,0,3,15,Prodcution
"Girifalco, Evelyn",0,57815,0,Production Technician I,Massachusetts,F,Single,US Citizen,Two or more races,9/29/2014,,N/A-StillEmployed,Active,Production       ,Indeed,Exceeds,3.9,4,0,0,3,Prodcution
"Givens, Myriam",0,61555,0,Area Sales Manager,Indiana,F,Single,US Citizen,White,2/16/2015,,N/A-StillEmployed,Active,Sales,Indeed,Fully Meets,4.5,5,0,0,20,Sales
"Goble, Taisha",0,114800,1,Database Administrator,Massachusetts,F,Single,US Citizen,White,2/16/2015,3/15/2015,"no-call, no-show",Terminated for Cause,IT/IS,Indeed,Fully Meets,4.6,4,4,0,10,IT
"Goeth, Amon",0,74679,0,IT Support,Massachusetts,M ,Married,US Citizen,White,3/30/2015,,N/A-StillEmployed,Active,IT/IS,LinkedIn,Fully Meets,4.3,5,7,0,20,IT
"Gold, Shenice  ",0,53018,0,Production Technician I,Massachusetts,F,Single,US Citizen,White,11/11/2013,,N/A-StillEmployed,Active,Production       ,Indeed,Fully Meets,4.3,5,0,0,7,Prodcution
"Gonzalez, Cayo",1,59892,0,Production Technician I,Massachusetts,M ,Divorced,US Citizen,Black or African American,7/11/2011,,N/A-StillEmployed,Active,Production       ,Diversity Job Fair,Exceeds,4.5,4,0,0,1,Prodcution
"Gonzalez, Juan",1,68898,1,Production Technician II,Massachusetts,M ,Married,US Citizen,Black or African American,4/26/2010,5/30/2011,career change,Voluntarily Terminated,Production       ,Diversity Job Fair,PIP,3,3,0,3,10,Prodcution
"Gonzalez, Maria",0,61242,0,IT Support,Massachusetts,F,Separated,US Citizen,White,1/5/2015,,N/A-StillEmployed,Active,IT/IS,Employee Referral,Fully Meets,4.61,4,5,0,11,IT
"Good, Susan",0,66825,0,Production Technician II,Massachusetts,F,Married,US Citizen,White,5/12/2014,,N/A-StillEmployed,Active,Production       ,LinkedIn,Fully Meets,4.6,3,0,0,20,Prodcution
"Gordon, David",0,48285,0,Production Technician I,Massachusetts,M ,Married,US Citizen,White,7/2/2012,,N/A-StillEmployed,Active,Production       ,LinkedIn,Fully Meets,5,3,0,0,2,Prodcution
"Gosciminski, Phylicia  ",0,66149,0,Production Technician II,Massachusetts,F,Separated,US Citizen,American Indian or Alaska Native,9/30/2013,,N/A-StillEmployed,Active,Production       ,Google Search,Fully Meets,4.4,5,0,0,1,Prodcution
"Goyal, Roxana",0,49256,0,Production Technician I,Massachusetts,F,Married,US Citizen,Asian,8/19/2013,,N/A-StillEmployed,Active,Production       ,LinkedIn,Fully Meets,4.1,5,0,0,3,Prodcution
"Gray, Elijiah  ",0,62957,0,Production Manager,Massachusetts,M ,Divorced,US Citizen,White,6/2/2015,,N/A-StillEmployed,Active,Production       ,Employee Referral,Fully Meets,4.63,3,0,0,2,Prodcution
"Gross, Paula",0,63813,1,Production Technician I,Massachusetts,F,Divorced,US Citizen,White,2/21/2011,1/11/2014,more money,Voluntarily Terminated,Production       ,CareerBuilder,Fully Meets,5,5,0,0,17,Prodcution
"Gruber, Hans",0,99020,0,BI Developer,Massachusetts,M ,Married,US Citizen,Black or African American,4/20/2017,,N/A-StillEmployed,Active,IT/IS,Indeed,Fully Meets,4.2,5,5,0,8,IT
"Guilianno, Mike",0,71707,1,Area Sales Manager,Tennessee,M ,Single,US Citizen,Two or more races,3/7/2012,10/31/2014,relocation out of area,Voluntarily Terminated,Sales,LinkedIn,Fully Meets,4.5,5,0,0,20,Sales
"Handschiegl, Joanne",0,54828,0,Production Technician I,Massachusetts,F,Married,US Citizen,White,11/28/2011,,N/A-StillEmployed,Active,Production       ,Google Search,Fully Meets,4.2,4,0,0,13,Prodcution
"Hankard, Earnest",0,64246,0,Production Technician II,Massachusetts,M ,Single,US Citizen,White,11/11/2013,,N/A-StillEmployed,Active,Production       ,LinkedIn,Fully Meets,5,3,0,0,20,Prodcution
"Harrington, Christie ",0,52177,1,Production Technician I,Massachusetts,F,Single,US Citizen,White,1/9/2012,12/15/2015,retiring,Voluntarily Terminated,Production       ,CareerBuilder,Fully Meets,4.64,4,0,0,8,Prodcution
"Harrison, Kara",0,62065,0,Production Technician I,Massachusetts,F,Married,US Citizen,White,5/12/2014,,N/A-StillEmployed,Active,Production       ,CareerBuilder,Exceeds,4.76,4,0,0,5,Prodcution
"Heitzman, Anthony",0,46998,0,Production Technician I,Massachusetts,M ,Single,US Citizen,White,8/13/2012,,N/A-StillEmployed,Active,Production       ,Google Search,Fully Meets,4.17,4,0,0,1,Prodcution
"Hendrickson, Trina",0,68099,1,Production Technician II,Massachusetts,F,Single,US Citizen,White,1/10/2011,6/18/2013,hours,Voluntarily Terminated,Production       ,CareerBuilder,Fully Meets,5,3,0,0,15,Prodcution
"Hitchcock, Alfred",0,70545,0,Area Sales Manager,New Hampshire,M ,Married,US Citizen,American Indian or Alaska Native,8/18/2014,,N/A-StillEmployed,Active,Sales,Indeed,Fully Meets,3.6,5,0,0,9,Sales
"Homberger, Adrienne  J",0,63478,1,Production Technician II,Massachusetts,F,Married,Non-Citizen,White,8/15/2011,4/7/2012,relocation out of area,Voluntarily Terminated,Production       ,Indeed,Fully Meets,3.03,5,0,0,16,Prodcution
"Horton, Jayne",0,97999,0,Database Administrator,Massachusetts,F,Single,US Citizen,White,3/30/2015,,N/A-StillEmployed,Active,IT/IS,Indeed,Fully Meets,4.48,5,6,0,4,IT
"Houlihan, Debra",0,180000,0,Director of Sales,Rhode Island,F,Married,US Citizen,White,5/5/2014,,N/A-StillEmployed,Active,Sales,LinkedIn,Fully Meets,4.5,4,0,0,19,Sales
"Howard, Estelle",0,49920,1,Administrative Assistant,Massachusetts,F,Married,US Citizen,Black or African American,2/16/2015,4/15/2015,"no-call, no-show",Terminated for Cause,Admin Offices,Indeed,Fully Meets,3.24,3,4,0,6,Administration
"Hudson, Jane",0,55425,0,Production Technician I,Massachusetts,F,Single,US Citizen,White,2/20/2012,,N/A-StillEmployed,Active,Production       ,LinkedIn,Fully Meets,4.8,4,0,0,4,Prodcution
"Hunts, Julissa",0,69340,0,Production Technician II,Massachusetts,F,Single,US Citizen,White,6/6/2016,,N/A-StillEmployed,Active,Production       ,LinkedIn,Fully Meets,3,5,0,0,4,Prodcution
"Hutter, Rosalie",0,64995,0,Production Technician II,Massachusetts,F,Separated,US Citizen,White,6/5/2015,,N/A-StillEmployed,Active,Production       ,Indeed,Fully Meets,4.5,3,0,0,6,Prodcution
"Huynh, Ming",0,68182,1,Production Technician II,Massachusetts,F,Divorced,US Citizen,White,2/21/2011,4/1/2013,unhappy,Voluntarily Terminated,Production       ,Google Search,Fully Meets,3.72,3,0,0,18,Prodcution
"Immediato, Walter",0,83082,1,Production Manager,Massachusetts,M ,Married,US Citizen,Asian,2/21/2011,9/24/2012,unhappy,Voluntarily Terminated,Production       ,Indeed,Needs Improvement,2.34,2,0,3,4,Prodcution
"Ivey, Rose ",0,51908,0,Production Technician I,Massachusetts,F,Single,US Citizen,White,8/19/2013,,N/A-StillEmployed,Active,Production       ,Indeed,Fully Meets,3.99,3,0,0,14,Prodcution
"Jackson, Maryellen",0,61242,0,Production Technician I,Massachusetts,F,Single,US Citizen,Black or African American,11/5/2012,,N/A-StillEmployed,Active,Production       ,LinkedIn,Fully Meets,4.1,3,0,0,7,Prodcution
"Jacobi, Hannah  ",0,45069,0,Production Technician I,Massachusetts,F,Divorced,US Citizen,White,9/30/2013,,N/A-StillEmployed,Active,Production       ,Employee Referral,Fully Meets,4.3,5,0,0,7,Prodcution
"Jeannite, Tayana",0,60724,0,Production Technician II,Massachusetts,F,Divorced,US Citizen,American Indian or Alaska Native,7/5/2011,,N/A-StillEmployed,Active,Production       ,LinkedIn,Exceeds,4.6,4,0,0,11,Prodcution
"Jhaveri, Sneha  ",0,60436,0,Production Technician I,Massachusetts,F,Separated,US Citizen,White,1/6/2014,,N/A-StillEmployed,Active,Production       ,LinkedIn,Fully Meets,5,5,0,0,9,Prodcution
"Johnson, George",0,46837,1,Production Technician I,Massachusetts,M ,Married,US Citizen,White,11/7/2011,4/29/2018,more money,Voluntarily Terminated,Production       ,CareerBuilder,Exceeds,4.7,4,0,0,9,Prodcution
"Johnson, Noelle ",0,105700,0,Database Administrator,Massachusetts,F,Married,US Citizen,Asian,1/5/2015,,N/A-StillEmployed,Active,IT/IS,Indeed,Fully Meets,3.75,3,5,0,2,IT
"Johnston, Yen",0,63322,0,Production Technician II,Massachusetts,F,Single,US Citizen,White,7/7/2014,,N/A-StillEmployed,Active,Production       ,LinkedIn,Exceeds,4.3,3,0,0,1,Prodcution
"Jung, Judy  ",0,61154,1,Production Technician I,Massachusetts,F,Married,US Citizen,Black or African American,1/10/2011,4/1/2016,unhappy,Voluntarily Terminated,Production       ,CareerBuilder,Fully Meets,4,4,0,0,4,Prodcution
"Kampew, Donysha",0,68999,1,Sales Manager,Pennsylvania,F,Single,US Citizen,White,11/7/2011,4/24/2014,maternity leave - did not return,Voluntarily Terminated,Sales,Google Search,Fully Meets,4.5,5,0,0,2,Sales
"Keatts, Kramer ",0,50482,0,Production Technician I,Massachusetts,M ,Single,US Citizen,White,9/30/2013,,N/A-StillEmployed,Active,Production       ,Indeed,Fully Meets,3.07,4,0,0,10,Prodcution
"Khemmich, Bartholemew",0,65310,0,Area Sales Manager,Colorado,M ,Single,US Citizen,White,8/19/2013,,N/A-StillEmployed,Active,Sales,Indeed,Fully Meets,4.3,5,0,0,13,Sales
"King, Janet",0,250000,0,President & CEO,Massachusetts,F,Married,US Citizen,White,7/2/2012,,N/A-StillEmployed,Active,Executive Office,Indeed,Fully Meets,4.83,3,0,0,10,Leadership
"Kinsella, Kathleen  ",0,54005,1,Production Technician I,Massachusetts,F,Married,US Citizen,White,9/26/2011,6/4/2015,more money,Voluntarily Terminated,Production       ,Google Search,Fully Meets,3.6,5,0,0,16,Prodcution
"Kirill, Alexandra  ",0,45433,1,Production Technician I,Massachusetts,F,Married,US Citizen,White,9/26/2011,1/9/2014,more money,Voluntarily Terminated,Production       ,Google Search,Fully Meets,3.49,4,0,0,6,Prodcution
"Knapp, Bradley  J",0,46654,0,Production Technician I,Massachusetts,M ,Single,US Citizen,Black or African American,2/17/2014,,N/A-StillEmployed,Active,Production       ,LinkedIn,Fully Meets,3.1,3,0,0,3,Prodcution
"Kretschmer, John",0,63973,0,Production Technician I,Massachusetts,M ,Married,US Citizen,Asian,1/10/2011,,N/A-StillEmployed,Active,Production       ,Indeed,Fully Meets,3.38,3,0,0,17,Prodcution
"Kreuger, Freddy",1,71339,0,Area Sales Manager,New York,M ,Single,US Citizen,Black or African American,3/7/2011,,N/A-StillEmployed,Active,Sales,Diversity Job Fair,Fully Meets,3.65,5,0,0,20,Sales
"Lajiri,  Jyoti",0,93206,0,Sr. Network Engineer,Massachusetts,M ,Married,US Citizen,White,11/10/2014,,N/A-StillEmployed,Active,IT/IS,Employee Referral,Fully Meets,4.46,5,6,0,7,Other
"Landa, Hans",0,82758,1,Production Manager,Massachusetts,M ,Married,US Citizen,White,1/10/2011,12/12/2015,attendance,Terminated for Cause,Production       ,Employee Referral,Fully Meets,4.78,4,0,0,9,Prodcution
"Langford, Lindsey",0,66074,1,Production Technician II,Massachusetts,F,Divorced,US Citizen,Asian,1/7/2013,3/31/2014,Another position,Voluntarily Terminated,Production       ,Indeed,Fully Meets,4.52,3,0,0,20,Prodcution
"Langton, Enrico",0,46120,0,Production Technician I,Massachusetts,M ,Married,US Citizen,White,7/9/2012,,N/A-StillEmployed,Active,Production       ,LinkedIn,Fully Meets,5,5,0,0,13,Prodcution
"LaRotonda, William  ",0,64520,0,Accountant I,Massachusetts,M ,Divorced,US Citizen,Black or African American,1/6/2014,,N/A-StillEmployed,Active,Admin Offices,Website,Fully Meets,5,4,4,0,3,Finance
"Latif, Mohammed",0,61962,1,Production Technician II,Massachusetts,M ,Married,US Citizen,White,4/2/2012,4/15/2013,more money,Voluntarily Terminated,Production       ,Google Search,Fully Meets,4.9,3,0,0,20,Prodcution
"Le, Binh",0,81584,0,Senior BI Developer,Massachusetts,F,Single,US Citizen,Asian,10/2/2016,,N/A-StillEmployed,Active,IT/IS,Indeed,Fully Meets,4.1,5,7,0,2,IT
"Leach, Dallas",0,63676,1,Production Technician I,Massachusetts,F,Single,US Citizen,Asian,9/26/2011,8/19/2018,return to school,Voluntarily Terminated,Production       ,CareerBuilder,Fully Meets,4.88,3,0,0,17,Prodcution
"LeBlanc, Brandon  R",0,93046,0,Shared Services Manager,Massachusetts,M ,Married,US Citizen,White,1/5/2016,,N/A-StillEmployed,Active,Admin Offices,CareerBuilder,Fully Meets,4.1,4,0,0,20,Administration
"Lecter, Hannibal",0,64738,0,Production Technician I,Massachusetts,M ,Married,US Citizen,Asian,5/14/2012,,N/A-StillEmployed,Active,Production       ,Google Search,Fully Meets,4.1,3,0,0,10,Prodcution
"Leruth, Giovanni",0,70468,0,Area Sales Manager,Utah,M ,Separated,US Citizen,Black or African American,4/30/2012,,N/A-StillEmployed,Active,Sales,Website,Fully Meets,4.53,3,0,0,16,Sales
"Liebig, Ketsia",0,77915,0,Production Manager,Massachusetts,F,Married,US Citizen,White,9/30/2013,,N/A-StillEmployed,Active,Production       ,Website,Exceeds,4.1,3,0,0,11,Prodcution
"Linares, Marilyn ",0,52624,1,Production Technician I,Massachusetts,F,Married,US Citizen,White,7/5/2011,9/26/2018,unhappy,Voluntarily Terminated,Production       ,Indeed,Fully Meets,3.18,4,0,0,16,Prodcution
"Linden, Mathew",0,63450,0,Production Technician II,Massachusetts,M ,Married,US Citizen,White,7/8/2013,,N/A-StillEmployed,Active,Production       ,LinkedIn,Fully Meets,4,3,0,0,7,Prodcution
"Lindsay, Leonara ",1,51777,0,IT Support,Connecticut,F,Single,US Citizen,Black or African American,1/21/2011,,N/A-StillEmployed,Active,IT/IS,Diversity Job Fair,Exceeds,4.64,4,5,0,14,IT
"Lundy, Susan",0,67237,1,Production Technician II,Massachusetts,F,Widowed,US Citizen,White,7/8/2013,9/15/2016,more money,Voluntarily Terminated,Production       ,LinkedIn,Fully Meets,4.65,4,0,0,15,Prodcution
"Lunquist, Lisa",0,73330,0,Production Technician II,Massachusetts,F,Single,US Citizen,Black or African American,8/19/2013,,N/A-StillEmployed,Active,Production       ,Indeed,Exceeds,4.2,4,0,0,19,Prodcution
"Lydon, Allison",0,52057,0,Production Technician I,Massachusetts,F,Married,US Citizen,Black or African American,2/16/2015,,N/A-StillEmployed,Active,Production       ,Website,Fully Meets,5,3,0,0,6,Prodcution
"Lynch, Lindsay",1,47434,1,Production Technician I,Massachusetts,F,Single,US Citizen,Black or African American,11/7/2011,11/14/2015,Another position,Voluntarily Terminated,Production       ,Diversity Job Fair,Exceeds,5,4,0,0,17,Prodcution
"MacLennan, Samuel",0,52788,1,Production Technician I,Massachusetts,M ,Widowed,US Citizen,White,9/24/2012,9/26/2017,hours,Voluntarily Terminated,Production       ,Indeed,Fully Meets,3.08,4,0,0,18,Prodcution
"Mahoney, Lauren  ",0,45395,0,Production Technician I,Massachusetts,F,Single,US Citizen,White,1/6/2014,,N/A-StillEmployed,Active,Production       ,LinkedIn,Fully Meets,4.6,4,0,0,14,Prodcution
"Manchester, Robyn",0,62385,0,Production Technician II,Massachusetts,F,Married,US Citizen,White,5/11/2016,,N/A-StillEmployed,Active,Production       ,LinkedIn,Fully Meets,5,3,0,0,4,Prodcution
"Mancuso, Karen",0,68407,1,Production Technician II,Massachusetts,F,Married,US Citizen,Two or more races,7/5/2011,8/19/2012,Another position,Voluntarily Terminated,Production       ,LinkedIn,Fully Meets,5,4,0,0,16,Prodcution
"Mangal, Debbie",0,61349,0,Production Technician I,Massachusetts,F,Married,US Citizen,White,11/11/2013,,N/A-StillEmployed,Active,Production       ,LinkedIn,Fully Meets,4.1,3,0,0,11,Prodcution
"Martin, Sandra",0,105688,0,Software Engineer,Massachusetts,F,Single,US Citizen,Asian,11/11/2013,,N/A-StillEmployed,Active,Software Engineering,Google Search,Fully Meets,4.5,5,4,0,14,Engineering
"Maurice, Shana",0,54132,0,Production Technician I,Massachusetts,F,Married,US Citizen,White,5/31/2011,,N/A-StillEmployed,Active,Production       ,Indeed,Fully Meets,5,4,0,0,8,Prodcution
"Carthy, B'rigit",0,55315,0,Production Technician II,Massachusetts,F,Single,US Citizen,Black or African American,3/30/2015,,N/A-StillEmployed,Active,Production       ,LinkedIn,Fully Meets,5,5,0,0,16,Prodcution
"Mckenna, Sandy",0,62810,0,Production Technician I,Massachusetts,F,Married,US Citizen,Black or African American,1/7/2013,,N/A-StillEmployed,Active,Production       ,CareerBuilder,Fully Meets,3.93,3,0,0,20,Prodcution
"McKinzie, Jac",0,63291,0,Area Sales Manager,Texas,M ,Married,US Citizen,Two or more races,7/6/2016,,N/A-StillEmployed,Active,Sales,Website,Fully Meets,3.4,4,0,0,7,Sales
"Meads, Elizabeth",1,62659,1,Production Technician I,Massachusetts,F,Single,US Citizen,Black or African American,4/2/2012,11/11/2016,Another position,Voluntarily Terminated,Production       ,Diversity Job Fair,Fully Meets,4.18,4,0,0,17,Prodcution
"Medeiros, Jennifer",0,55688,0,Production Technician I,Massachusetts,F,Single,US Citizen,White,3/30/2015,,N/A-StillEmployed,Active,Production       ,CareerBuilder,Fully Meets,5,4,0,0,10,Prodcution
"Miller, Brannon",0,83667,0,Production Manager,Massachusetts,M ,Single,US Citizen,Hispanic,8/16/2012,,N/A-StillEmployed,Active,Production       ,Indeed,Fully Meets,4.37,3,0,0,2,Prodcution
"Miller, Ned",0,55800,1,Production Technician II,Massachusetts,M ,Single,US Citizen,White,8/15/2011,9/4/2014,unhappy,Voluntarily Terminated,Production       ,LinkedIn,PIP,3,2,0,6,6,Prodcution
"Monkfish, Erasumus",0,58207,0,Production Technician II,Massachusetts,M ,Married,US Citizen,White,11/7/2011,,N/A-StillEmployed,Active,Production       ,LinkedIn,Fully Meets,3.7,3,0,0,14,Prodcution
"Monroe, Peter",1,157000,0,IT Manager - Infra,Massachusetts,M ,Married,Eligible NonCitizen,Black or African American,2/15/2012,,N/A-StillEmployed,Active,IT/IS,Diversity Job Fair,Needs Improvement,2.39,3,6,4,13,IT
"Monterro, Luisa",0,72460,0,Production Technician II,Massachusetts,F,Single,US Citizen,Black or African American,5/13/2013,,N/A-StillEmployed,Active,Production       ,Indeed,Exceeds,4.7,3,0,0,1,Prodcution
"Moran, Patrick",1,72106,0,Production Technician II,Massachusetts,M ,Single,US Citizen,Black or African American,1/9/2012,,N/A-StillEmployed,Active,Production       ,Diversity Job Fair,Fully Meets,4.1,4,0,0,12,Prodcution
"Morway, Tanya",0,52599,0,Network Engineer,Massachusetts,F,Married,US Citizen,White,2/16/2015,,N/A-StillEmployed,Active,IT/IS,CareerBuilder,Fully Meets,3.81,3,6,0,6,IT
"Motlagh,  Dawn",0,63430,0,Production Technician I,Massachusetts,F,Divorced,US Citizen,White,4/1/2013,,N/A-StillEmployed,Active,Production       ,LinkedIn,Fully Meets,4.4,4,0,0,18,Prodcution
"Moumanil, Maliki ",0,74417,0,Production Technician II,Massachusetts,M ,Separated,US Citizen,Black or African American,5/13/2013,,N/A-StillEmployed,Active,Production       ,LinkedIn,Fully Meets,4.29,5,0,0,11,Prodcution
"Myers, Michael",0,57575,0,Production Technician I,Massachusetts,M ,Single,US Citizen,Asian,7/8/2013,,N/A-StillEmployed,Active,Production       ,LinkedIn,Fully Meets,4.1,4,0,0,13,Prodcution
"Navathe, Kurt",0,87921,0,Senior BI Developer,Massachusetts,M ,Single,US Citizen,Asian,2/10/2017,,N/A-StillEmployed,Active,IT/IS,Indeed,Fully Meets,5,3,6,0,17,IT
"Ndzi, Colombui",1,50470,1,Production Technician I,Massachusetts,M ,Single,US Citizen,Black or African American,9/26/2011,4/4/2014,return to school,Voluntarily Terminated,Production       ,Diversity Job Fair,Fully Meets,4.3,3,0,0,19,Prodcution
"Ndzi, Horia",0,46664,1,Production Technician I,Massachusetts,M ,Married,US Citizen,White,4/1/2013,5/25/2016,more money,Voluntarily Terminated,Production       ,Employee Referral,Fully Meets,3.18,3,0,0,10,Prodcution
"Newman, Richard ",0,48495,0,Production Technician I,Massachusetts,M ,Married,US Citizen,White,5/12/2014,,N/A-StillEmployed,Active,Production       ,LinkedIn,Fully Meets,5,5,0,0,11,Prodcution
"Ngodup, Shari ",1,52984,0,Production Technician I,Massachusetts,F,Separated,US Citizen,Black or African American,4/1/2013,,N/A-StillEmployed,Active,Production       ,Diversity Job Fair,Exceeds,4,3,0,0,12,Prodcution
"Nguyen, Dheepa",0,63695,0,Area Sales Manager,Georgia,F,Single,US Citizen,Two or more races,7/8/2013,,N/A-StillEmployed,Active,Sales,Indeed,Fully Meets,5,5,0,0,2,Sales
"Nguyen, Lei-Ming",0,62061,0,Production Technician I,Massachusetts,F,Single,US Citizen,White,7/8/2013,,N/A-StillEmployed,Active,Production       ,LinkedIn,Fully Meets,3.6,5,0,0,4,Prodcution
"Nowlan, Kristie",0,66738,0,Production Technician II,Massachusetts,F,Single,US Citizen,White,11/10/2014,,N/A-StillEmployed,Active,Production       ,Indeed,Fully Meets,4.53,5,0,0,5,Prodcution
"O'hare, Lynn",0,52674,1,Production Technician I,Massachusetts,F,Single,US Citizen,Two or more races,3/31/2014,5/1/2018,performance,Terminated for Cause,Production       ,LinkedIn,PIP,2.33,2,0,6,3,Prodcution
"Oliver, Brooke ",0,71966,1,Production Technician II,Massachusetts,F,Married,US Citizen,Asian,5/14/2012,8/19/2013,unhappy,Voluntarily Terminated,Production       ,LinkedIn,Fully Meets,5,3,0,0,17,Prodcution
"Onque, Jasmine",0,63051,0,Area Sales Manager,Florida,F,Single,US Citizen,White,9/30/2013,,N/A-StillEmployed,Active,Sales,Indeed,Fully Meets,4.28,3,0,0,1,Sales
"Osturnka, Adeel",0,47414,0,Production Technician I,Massachusetts,M ,Married,US Citizen,White,9/30/2013,,N/A-StillEmployed,Active,Production       ,LinkedIn,Exceeds,5,3,0,0,13,Prodcution
"Owad, Clinton",0,53060,0,Production Technician I,Massachusetts,M ,Single,US Citizen,Black or African American,2/17/2014,,N/A-StillEmployed,Active,Production       ,LinkedIn,Needs Improvement,4.25,3,0,4,6,Prodcution
"Ozark, Travis",0,68829,0,Area Sales Manager,North Carolina,M ,Single,US Citizen,White,1/5/2015,,N/A-StillEmployed,Active,Sales,Website,Fully Meets,5,5,0,0,18,Sales
"Panjwani, Nina",0,63515,1,Production Technician I,Massachusetts,F,Married,US Citizen,White,2/7/2011,1/12/2014,Another position,Voluntarily Terminated,Production       ,Google Search,Fully Meets,3.89,4,0,0,7,Prodcution
"Patronick, Lucas",1,108987,1,Software Engineer,Massachusetts,M ,Single,US Citizen,Black or African American,11/7/2011,9/7/2015,Another position,Voluntarily Terminated,Software Engineering,Diversity Job Fair,Exceeds,5,5,3,0,13,Engineering
"Pearson, Randall",0,93093,1,Data Analyst,Massachusetts,M ,Married,US Citizen,White,12/1/2014,5/1/2016,performance,Voluntarily Terminated,IT/IS,Employee Referral,Fully Meets,4.7,4,5,0,19,Other
"Smith, Martin",0,53564,1,Production Technician I,Massachusetts,M ,Single,US Citizen,Black or African American,1/10/2011,12/28/2017,career change,Voluntarily Terminated,Production       ,Google Search,Needs Improvement,3.54,5,0,4,15,Prodcution
"Pelletier, Ermine",0,60270,1,Production Technician II,Massachusetts,F,Married,US Citizen,Asian,7/5/2011,9/15/2015,unhappy,Voluntarily Terminated,Production       ,CareerBuilder,Needs Improvement,2.4,5,0,5,2,Prodcution
"Perry, Shakira",0,45998,1,Production Technician I,Massachusetts,F,Single,US Citizen,White,5/16/2011,10/25/2015,medical issues,Voluntarily Terminated,Production       ,LinkedIn,Fully Meets,3.45,4,0,0,5,Prodcution
"Peters, Lauren",0,57954,1,Production Technician II,Massachusetts,F,Married,US Citizen,White,5/16/2011,2/4/2013,more money,Voluntarily Terminated,Production       ,Indeed,Exceeds,4.2,5,0,0,12,Prodcution
"Peterson, Ebonee  ",0,74669,1,Production Manager,Massachusetts,F,Married,US Citizen,White,10/25/2010,5/18/2016,Another position,Voluntarily Terminated,Production       ,Indeed,Fully Meets,4.16,5,0,0,6,Prodcution
"Petingill, Shana  ",0,74226,0,Production Technician II,Massachusetts,F,Married,Eligible NonCitizen,Asian,4/2/2012,,N/A-StillEmployed,Active,Production       ,LinkedIn,Fully Meets,4.3,3,0,0,14,Prodcution
"Petrowsky, Thelma",0,93554,0,Data Analyst,Massachusetts,F,Married,US Citizen,Black or African American,11/10/2014,,N/A-StillEmployed,Active,IT/IS,Employee Referral,Exceeds,4.6,5,7,0,16,Other
"Pham, Hong",0,64724,1,Production Technician I,Massachusetts,M ,Married,US Citizen,Asian,7/5/2011,11/30/2012,more money,Voluntarily Terminated,Production       ,Google Search,Fully Meets,5,3,0,0,13,Prodcution
"Pitt, Brad ",0,47001,0,Production Technician I,Massachusetts,M ,Single,US Citizen,White,11/5/2007,,N/A-StillEmployed,Active,Production       ,Google Search,Fully Meets,3.66,3,0,0,15,Prodcution
"Potts, Xana",0,61844,0,Area Sales Manager,Kentucky,F,Married,US Citizen,Black or African American,1/9/2012,,N/A-StillEmployed,Active,Sales,Website,Fully Meets,4.2,5,0,0,9,Sales
"Power, Morissa",0,46799,1,Production Technician I,Massachusetts,F,Divorced,Eligible NonCitizen,Asian,5/16/2011,6/4/2018,Another position,Voluntarily Terminated,Production       ,Google Search,Fully Meets,3.17,4,0,0,14,Prodcution
"Punjabhi, Louis  ",0,59472,0,Production Technician I,Massachusetts,M ,Single,US Citizen,White,1/6/2014,,N/A-StillEmployed,Active,Production       ,Employee Referral,Fully Meets,4.8,3,0,0,14,Prodcution
"Purinton, Janine",0,46430,1,Production Technician I,Massachusetts,F,Divorced,US Citizen,White,9/24/2012,6/18/2013,unhappy,Voluntarily Terminated,Production       ,Indeed,Fully Meets,4.5,5,0,0,16,Prodcution
"Quinn, Sean",1,83363,1,Software Engineer,Massachusetts,M ,Married,Eligible NonCitizen,Black or African American,2/21/2011,8/15/2015,career change,Voluntarily Terminated,Software Engineering,Diversity Job Fair,Fully Meets,4.15,4,0,0,4,Engineering
"Rachael, Maggie",0,95920,0,BI Developer,Massachusetts,F,Married,US Citizen,Black or African American,10/2/2016,,N/A-StillEmployed,Active,IT/IS,Indeed,Fully Meets,4.4,4,6,0,10,IT
"Rarrick, Quinn",0,61729,1,Production Technician I,Massachusetts,M ,Divorced,US Citizen,White,9/26/2011,4/7/2018,more money,Voluntarily Terminated,Production       ,Indeed,Fully Meets,3.8,5,0,0,19,Prodcution
"Ren, Kylo",0,61809,0,Area Sales Manager,Idaho,M ,Married,US Citizen,White,5/12/2014,,N/A-StillEmployed,Active,Sales,CareerBuilder,Fully Meets,3.98,3,0,0,4,Sales
"Rhoads, Thomas",0,45115,1,Production Technician I,Massachusetts,M ,Divorced,US Citizen,White,5/16/2011,1/15/2016,retiring,Voluntarily Terminated,Production       ,LinkedIn,Fully Meets,5,4,0,0,11,Prodcution
"Rivera, Haley  ",0,46738,0,Production Technician I,Massachusetts,F,Married,US Citizen,Asian,11/28/2011,,N/A-StillEmployed,Active,Production       ,Google Search,Exceeds,4.36,5,0,0,16,Prodcution
"Roberson, May",0,64971,1,Production Technician II,Massachusetts,F,Divorced,Eligible NonCitizen,Black or African American,9/26/2011,10/22/2011,return to school,Voluntarily Terminated,Production       ,Google Search,Fully Meets,4.5,4,0,0,10,Prodcution
"Robertson, Peter",0,55578,1,Production Technician II,Massachusetts,M ,Married,US Citizen,White,7/5/2011,2/8/2012,Another position,Voluntarily Terminated,Production       ,Indeed,Fully Meets,4.2,5,0,0,13,Prodcution
"Robinson, Alain  ",0,50428,1,Production Technician I,Massachusetts,M ,Married,US Citizen,Black or African American,1/10/2011,1/26/2016,attendance,Voluntarily Terminated,Production       ,Indeed,Fully Meets,5,3,0,0,11,Prodcution
"Robinson, Cherly",0,61422,1,Production Technician I,Massachusetts,F,Married,US Citizen,White,1/10/2011,5/17/2016,attendance,Terminated for Cause,Production       ,Indeed,Needs Improvement,3.6,3,0,4,16,Prodcution
"Robinson, Elias",0,63353,0,Production Technician I,Massachusetts,M ,Widowed,US Citizen,White,7/8/2013,,N/A-StillEmployed,Active,Production       ,Employee Referral,Exceeds,3.6,5,0,0,4,Prodcution
"Roby, Lori ",0,89883,0,Data Analyst,Massachusetts,F,Married,US Citizen,White,2/16/2015,,N/A-StillEmployed,Active,IT/IS,Employee Referral,Fully Meets,3.69,5,6,0,15,Other
"Roehrich, Bianca",0,120000,1,Principal Data Architect,Massachusetts,F,Single,US Citizen,White,1/5/2015,11/10/2018,Another position,Voluntarily Terminated,IT/IS,LinkedIn,Fully Meets,3.88,3,7,0,12,IT
"Roper, Katie",0,150290,0,Data Architect,Massachusetts,F,Single,US Citizen,Black or African American,1/7/2017,,N/A-StillEmployed,Active,IT/IS,Indeed,Fully Meets,4.94,3,5,0,17,IT
"Rose, Ashley  ",0,60627,0,Production Technician I,Massachusetts,F,Separated,US Citizen,White,1/6/2014,,N/A-StillEmployed,Active,Production       ,Website,Fully Meets,5,4,0,0,8,Prodcution
"Rossetti, Bruno",0,53180,1,Production Technician I,Massachusetts,M ,Single,US Citizen,White,4/4/2011,8/13/2018,Another position,Voluntarily Terminated,Production       ,Google Search,Fully Meets,5,5,0,0,4,Prodcution
"Roup,Simon",0,140920,0,IT Manager - DB,Massachusetts,M ,Single,US Citizen,White,1/20/2013,,N/A-StillEmployed,Active,IT/IS,Indeed,Fully Meets,3.6,5,7,0,13,IT
"Ruiz, Ricardo",1,148999,1,IT Manager - DB,Massachusetts,M ,Divorced,US Citizen,Black or African American,1/9/2012,11/4/2015,hours,Voluntarily Terminated,IT/IS,Diversity Job Fair,Fully Meets,4.3,4,6,0,8,IT
"Saada, Adell",0,86214,0,Software Engineer,Massachusetts,F,Married,US Citizen,White,11/5/2012,,N/A-StillEmployed,Active,Software Engineering,Indeed,Fully Meets,4.2,3,6,0,2,Engineering
"Saar-Beckles, Melinda",1,47750,0,Production Technician I,Massachusetts,F,Single,US Citizen,Black or African American,7/4/2016,,N/A-StillEmployed,Active,Production       ,Diversity Job Fair,Needs Improvement,2.6,4,0,5,4,Prodcution
"Sadki, Nore  ",0,46428,1,Production Technician I,Massachusetts,M ,Single,US Citizen,White,1/5/2009,7/30/2018,relocation out of area,Voluntarily Terminated,Production       ,Google Search,Fully Meets,4.6,5,0,0,7,Prodcution
"Sahoo, Adil",0,57975,0,Production Technician II,Massachusetts,M ,Married,US Citizen,White,8/30/2010,,N/A-StillEmployed,Active,Production       ,CareerBuilder,Fully Meets,4.1,3,0,0,13,Prodcution
"Salter, Jason",0,88527,1,Data Analyst ,Massachusetts,M ,Divorced,US Citizen,Black or African American,1/5/2015,10/31/2015,hours,Voluntarily Terminated,IT/IS,LinkedIn,Fully Meets,4.2,3,5,0,2,Other
"Sander, Kamrin",0,56147,0,Production Technician I,Massachusetts,F,Married,US Citizen,Black or African American,9/29/2014,,N/A-StillEmployed,Active,Production       ,LinkedIn,Fully Meets,3.51,3,0,0,2,Prodcution
"Sewkumar, Nori",0,50923,0,Production Technician I,Massachusetts,F,Single,US Citizen,Asian,9/30/2013,,N/A-StillEmployed,Active,Production       ,Google Search,Fully Meets,5,5,0,0,14,Prodcution
"Shepard, Anita ",0,50750,0,Network Engineer,Massachusetts,F,Married,US Citizen,White,9/30/2014,,N/A-StillEmployed,Active,IT/IS,LinkedIn,Fully Meets,3.31,3,6,0,7,IT
"Shields, Seffi",0,52087,0,Production Technician I,Massachusetts,F,Married,US Citizen,White,8/19/2013,,N/A-StillEmployed,Active,Production       ,LinkedIn,Fully Meets,4.81,4,0,0,15,Prodcution
"Simard, Kramer",0,87826,0,Data Analyst,Massachusetts,M ,Married,US Citizen,White,1/5/2015,,N/A-StillEmployed,Active,IT/IS,Employee Referral,Fully Meets,3.32,3,7,0,16,Other
"Singh, Nan ",0,51920,0,Administrative Assistant,Massachusetts,F,Single,US Citizen,White,5/1/2015,,N/A-StillEmployed,Active,Admin Offices,Website,Fully Meets,5,3,5,0,2,Administration
"Sloan, Constance",0,63878,1,Production Technician II,Massachusetts,F,Single,US Citizen,White,10/26/2009,4/8/2015,maternity leave - did not return,Voluntarily Terminated,Production       ,CareerBuilder,Fully Meets,4.68,4,0,0,20,Prodcution
"Smith, Joe",0,60656,0,Production Technician II,Massachusetts,M ,Single,US Citizen,White,9/29/2014,,N/A-StillEmployed,Active,Production       ,Indeed,Exceeds,4.3,3,0,0,4,Prodcution
"Smith, John",1,72992,0,Sales Manager,Massachusetts,M ,Divorced,US Citizen,Black or African American,5/18/2014,,N/A-StillEmployed,Active,Sales,Diversity Job Fair,Needs Improvement,2.4,4,0,2,16,Sales
"Smith, Leigh Ann",1,55000,1,Administrative Assistant,Massachusetts,F,Married,US Citizen,Black or African American,9/26/2011,9/25/2013,career change,Voluntarily Terminated,Admin Offices,Diversity Job Fair,Fully Meets,3.8,4,4,0,17,Administration
"Smith, Sade",0,58939,0,Production Technician I,Massachusetts,F,Single,US Citizen,White,11/11/2013,,N/A-StillEmployed,Active,Production       ,Employee Referral,Fully Meets,3.73,3,0,0,16,Prodcution
"Soto, Julia ",0,66593,0,IT Support,Massachusetts,F,Married,US Citizen,Black or African American,6/10/2011,,N/A-StillEmployed,Active,IT/IS,LinkedIn,Fully Meets,4.3,3,5,0,19,IT
"Soze, Keyser",0,87565,0,Sr. Network Engineer,Massachusetts,M ,Married,US Citizen,Asian,6/30/2016,,N/A-StillEmployed,Active,IT/IS,LinkedIn,Fully Meets,3.27,4,5,0,13,Other
"Sparks, Taylor  ",0,64021,0,Production Technician I,Massachusetts,F,Married,US Citizen,White,2/20/2012,,N/A-StillEmployed,Active,Production       ,Indeed,PIP,2.4,2,1,6,20,Prodcution
"Spirea, Kelley",0,65714,0,Production Manager,Massachusetts,F,Married,US Citizen,White,10/2/2012,,N/A-StillEmployed,Active,Production       ,LinkedIn,Fully Meets,4.83,5,0,0,15,Prodcution
"Squatrito, Kristen",0,62425,1,Production Technician I,Massachusetts,F,Divorced,US Citizen,White,5/13/2013,6/29/2015,unhappy,Voluntarily Terminated,Production       ,LinkedIn,Exceeds,4.1,4,0,0,16,Prodcution
"Stanford,Barbara  M",0,47961,0,Production Technician I,Massachusetts,F,Divorced,US Citizen,Two or more races,1/10/2011,,N/A-StillEmployed,Active,Production       ,Google Search,Fully Meets,4.1,4,0,0,9,Prodcution
"Stansfield, Norman",0,58273,0,Area Sales Manager,Nevada,M ,Married,US Citizen,White,5/12/2014,,N/A-StillEmployed,Active,Sales,Website,PIP,1.81,2,0,3,5,Sales
"Steans, Tyrone  ",0,63003,0,Accountant I,Massachusetts,M ,Single,US Citizen,White,9/29/2014,,N/A-StillEmployed,Active,Admin Offices,Indeed,Fully Meets,3.9,5,5,0,9,Finance
"Stoica, Rick",0,61355,0,Production Technician I,Massachusetts,M ,Married,US Citizen,Asian,2/17/2014,,N/A-StillEmployed,Active,Production       ,LinkedIn,Fully Meets,4.7,3,0,0,4,Prodcution
"Strong, Caitrin",0,60120,0,Area Sales Manager,Montana,F,Married,US Citizen,Black or African American,9/27/2010,,N/A-StillEmployed,Active,Sales,Indeed,Fully Meets,4.1,4,0,0,18,Sales
"Sullivan, Kissy ",0,63682,0,Production Manager,Massachusetts,F,Married,US Citizen,Black or African American,1/8/2009,,N/A-StillEmployed,Active,Production       ,Indeed,Fully Meets,3.73,4,0,0,12,Prodcution
"Sullivan, Timothy",0,63025,0,Production Technician I,Massachusetts,M ,Married,US Citizen,White,1/5/2015,,N/A-StillEmployed,Active,Production       ,Google Search,Fully Meets,4.36,5,0,0,10,Prodcution
"Sutwell, Barbara",0,59238,0,Production Technician I,Massachusetts,F,Single,Eligible NonCitizen,Asian,5/14/2012,,N/A-StillEmployed,Active,Production       ,Indeed,Fully Meets,3.4,5,0,0,13,Prodcution
"Szabo, Andrew",0,92989,0,Software Engineer,Massachusetts,M ,Single,US Citizen,White,7/7/2014,,N/A-StillEmployed,Active,Software Engineering,LinkedIn,Exceeds,4.5,5,5,0,1,Engineering
"Tannen, Biff",0,90100,0,BI Developer,Massachusetts,M ,Married,US Citizen,White,4/20/2017,,N/A-StillEmployed,Active,IT/IS,Indeed,Fully Meets,3.4,3,6,0,14,IT
"Tavares, Desiree  ",1,60754,1,Production Technician I,Massachusetts,F,Married,Non-Citizen,Black or African American,4/27/2009,4/1/2013,Another position,Voluntarily Terminated,Production       ,Diversity Job Fair,Fully Meets,4.5,5,0,0,11,Prodcution
"Tejeda, Lenora ",0,72202,1,Production Technician II,Massachusetts,F,Married,US Citizen,White,5/16/2011,7/8/2017,Another position,Voluntarily Terminated,Production       ,Google Search,Fully Meets,3.93,3,0,0,3,Prodcution
"Terry, Sharlene ",0,58370,0,Area Sales Manager,Oregon,F,Single,US Citizen,Black or African American,9/29/2014,,N/A-StillEmployed,Active,Sales,Indeed,Fully Meets,3.69,3,0,0,18,Sales
"Theamstern, Sophia",0,48413,1,Production Technician I,Massachusetts,F,Single,US Citizen,White,7/5/2011,9/5/2016,return to school,Voluntarily Terminated,Production       ,Indeed,Fully Meets,3.98,4,0,0,1,Prodcution
"Thibaud, Kenneth",0,67176,1,Production Technician II,Massachusetts,M ,Widowed,US Citizen,White,6/25/2007,8/30/2010,military,Voluntarily Terminated,Production       ,Other,Fully Meets,4.1,4,0,0,15,Prodcution
"Tippett, Jeanette",0,56339,0,Production Technician I,Massachusetts,F,Divorced,US Citizen,Black or African American,2/18/2013,,N/A-StillEmployed,Active,Production       ,Indeed,Fully Meets,4.21,5,0,0,4,Prodcution
"Torrence, Jack",0,64397,0,Area Sales Manager,North Dakota,M ,Separated,US Citizen,White,1/9/2006,,N/A-StillEmployed,Active,Sales,Indeed,Exceeds,4.1,3,0,0,6,Sales
"Trang, Mei",0,63025,0,Production Technician I,Massachusetts,F,Single,US Citizen,White,2/17/2014,,N/A-StillEmployed,Active,Production       ,LinkedIn,Needs Improvement,2.44,5,0,4,18,Prodcution
"Tredinnick, Neville ",0,75281,1,Network Engineer,Massachusetts,M ,Married,US Citizen,White,1/5/2015,2/12/2016,medical issues,Voluntarily Terminated,IT/IS,CareerBuilder,Fully Meets,5,3,5,0,11,IT
"True, Edward",1,100416,1,Software Engineer,Massachusetts,M ,Single,Non-Citizen,Black or African American,2/18/2013,4/15/2018,medical issues,Voluntarily Terminated,Software Engineering,Diversity Job Fair,Fully Meets,4.6,3,4,0,9,Engineering
"Trzeciak, Cybil",0,74813,1,Production Technician II,Massachusetts,F,Single,US Citizen,White,1/10/2011,7/2/2014,unhappy,Voluntarily Terminated,Production       ,LinkedIn,Fully Meets,4.4,3,0,0,5,Prodcution
"Turpin, Jumil",0,76029,0,Network Engineer,Massachusetts,M ,Married,Eligible NonCitizen,White,3/30/2015,,N/A-StillEmployed,Active,IT/IS,Employee Referral,Fully Meets,5,4,7,0,8,IT
"Valentin,Jackie",0,57859,0,Area Sales Manager,Arizona,F,Married,US Citizen,Two or more races,7/5/2011,,N/A-StillEmployed,Active,Sales,Indeed,Fully Meets,2.81,3,0,0,16,Sales
"Veera, Abdellah ",0,58523,1,Production Technician I,Massachusetts,M ,Divorced,US Citizen,White,8/13/2012,2/5/2016,maternity leave - did not return,Voluntarily Terminated,Production       ,LinkedIn,Exceeds,4.5,5,0,0,15,Prodcution
"Vega, Vincent",0,88976,0,Production Manager,Massachusetts,M ,Divorced,US Citizen,White,8/1/2011,,N/A-StillEmployed,Active,Production       ,Employee Referral,Fully Meets,3.93,3,0,0,19,Prodcution
"Villanueva, Noah",0,55875,0,Area Sales Manager,Maine,M ,Single,US Citizen,Asian,3/5/2012,,N/A-StillEmployed,Active,Sales,Website,Fully Meets,4.5,4,0,0,11,Sales
"Voldemort, Lord",0,113999,1,Database Administrator,Massachusetts,M ,Married,US Citizen,Black or African American,2/16/2015,2/22/2017,"no-call, no-show",Terminated for Cause,IT/IS,Employee Referral,Fully Meets,4.33,3,7,0,9,IT
"Volk, Colleen",0,49773,1,Production Technician I,Massachusetts,F,Married,US Citizen,White,9/26/2011,2/8/2016,gross misconduct,Terminated for Cause,Production       ,Google Search,Exceeds,4.3,5,0,0,18,Prodcution
"Von Massenbach, Anna",0,62068,0,Production Technician I,Massachusetts,F,Single,US Citizen,White,7/5/2015,,N/A-StillEmployed,Active,Production       ,LinkedIn,Fully Meets,3.21,3,0,0,7,Prodcution
"Walker, Roger",0,66541,0,Production Technician II,Massachusetts,M ,Single,US Citizen,Black or African American,8/18/2014,,N/A-StillEmployed,Active,Production       ,Employee Referral,Fully Meets,3.11,5,0,0,4,Prodcution
"Wallace, Courtney  E",1,80512,1,Production Manager,Massachusetts,F,Married,US Citizen,Black or African American,9/26/2011,1/2/2012,Another position,Voluntarily Terminated,Production       ,Diversity Job Fair,Fully Meets,4.5,3,0,0,5,Prodcution
"Wallace, Theresa",0,50274,1,Production Technician I,Massachusetts,F,Single,US Citizen,White,8/13/2012,9/1/2015,career change,Voluntarily Terminated,Production       ,CareerBuilder,Needs Improvement,2.5,3,0,6,13,Prodcution
"Wang, Charlie",0,84903,0,Senior BI Developer,Massachusetts,M ,Single,US Citizen,Asian,2/15/2017,,N/A-StillEmployed,Active,IT/IS,Indeed,Fully Meets,3.42,4,7,0,17,IT
"Warfield, Sarah",0,107226,0,Sr. Network Engineer,Massachusetts,F,Widowed,US Citizen,Asian,3/30/2015,,N/A-StillEmployed,Active,IT/IS,Employee Referral,Fully Meets,4.2,4,8,0,7,Other
"Whittier, Scott",0,58371,1,Production Technician I,Massachusetts,M ,Single,US Citizen,White,1/10/2011,5/15/2014,hours,Voluntarily Terminated,Production       ,LinkedIn,Fully Meets,5,5,0,0,11,Prodcution
"Wilber, Barry",0,55140,1,Production Technician I,Massachusetts,M ,Married,Eligible NonCitizen,White,5/16/2011,9/7/2015,unhappy,Voluntarily Terminated,Production       ,Website,Fully Meets,5,3,0,0,7,Prodcution
"Wilkes, Annie",0,58062,1,Production Technician I,Massachusetts,F,Divorced,US Citizen,White,1/10/2011,5/14/2012,Another position,Voluntarily Terminated,Production       ,Google Search,Fully Meets,3.6,5,0,0,9,Prodcution
"Williams, Jacquelyn  ",1,59728,1,Production Technician I,Massachusetts,F,Single,US Citizen,Black or African American,1/9/2012,6/27/2015,relocation out of area,Voluntarily Terminated,Production       ,Diversity Job Fair,Fully Meets,4.3,4,0,0,16,Prodcution
"Winthrop, Jordan  ",0,70507,1,Production Technician II,Massachusetts,M ,Single,US Citizen,White,1/7/2013,2/21/2016,retiring,Voluntarily Terminated,Production       ,LinkedIn,Exceeds,5,3,0,0,7,Prodcution
"Wolk, Hang  T",0,60446,0,Production Technician II,Massachusetts,F,Single,US Citizen,White,9/29/2014,,N/A-StillEmployed,Active,Production       ,LinkedIn,Fully Meets,3.4,4,0,0,14,Prodcution
"Woodson, Jason",0,65893,0,Production Technician II,Massachusetts,M ,Single,US Citizen,White,7/7/2014,,N/A-StillEmployed,Active,Production       ,LinkedIn,Fully Meets,4.07,4,0,0,13,Prodcution
"Ybarra, Catherine ",0,48513,1,Production Technician I,Massachusetts,F,Single,US Citizen,Asian,9/2/2008,9/29/2015,Another position,Voluntarily Terminated,Production       ,Google Search,PIP,3.2,2,0,5,4,Prodcution
"Zamora, Jennifer",0,220450,0,CIO,Massachusetts,F,Single,US Citizen,White,4/10/2010,,N/A-StillEmployed,Active,IT/IS,Employee Referral,Exceeds,4.6,5,6,0,16,IT
"Zhou, Julia",0,89292,0,Data Analyst,Massachusetts,F,Single,US Citizen,White,3/30/2015,,N/A-StillEmployed,Active,IT/IS,Employee Referral,Fully Meets,5,3,5,0,11,Other
"Zima, Colleen",0,45046,0,Production Technician I,Massachusetts,F,Widowed,US Citizen,Asian,9/29/2014,,N/A-StillEmployed,Active,Production       ,LinkedIn,Fully Meets,4.5,5,0,0,2,Prodcution
